{
  "name_model": "SGDClassifier",
  "train": {
    "precision": 0.9869893007615362,
    "recall": 0.9869281045751634,
    "f1": 0.9869083366282612,
    "num_samples": 1683.0
  },
  "test": {
    "precision": 0.9731201983300773,
    "recall": 0.9722991689750693,
    "f1": 0.9724760451857171,
    "num_samples": 722.0
  }
}