{
  "name_model": "SGDClassifier",
  "train": {
    "precision": 0.8547315218267948,
    "recall": 0.8503937007874016,
    "f1": 0.8418623286203938,
    "num_samples": 4699.0
  },
  "test": {
    "precision": 0.8178381655728687,
    "recall": 0.8207547169811321,
    "f1": 0.809765716907094,
    "num_samples": 2014.0
  }
}