{
  "name_model": "xgb_Classifier",
  "train": {
    "precision": 0.8820133351630015,
    "recall": 0.8644568055397889,
    "f1": 0.8663931032094069,
    "num_samples": 17618.0
  },
  "test": {
    "precision": 0.8140808855350081,
    "recall": 0.7969215491559086,
    "f1": 0.7994207151125033,
    "num_samples": 2014.0
  }
}